Apellidos,Total
ABAD,18453
ABARCA,3750
ABRIGO,1456
ABRIL,6667
ACAN,2133
ACARO,3990
ACEBO,1505
ACERO,3503
ACEVEDO,2410
ACHIG,2000
ACOSTA,40793
ACURIO,4546
ACUÑA,5388
ADRIAN,2471
AGILA,4424
AGREDA,1877
AGUAGALLO,1996
AGUAIZA,2007
AGUALONGO,4756
AGUALSACA,2039
AGUAS,3096
AGUAVIL,2606
AGUAYO,6914
AGUDO,1037
AGUIAR,2638
AGUILA,1235
AGUILAR,46471
AGUILERA,8208
AGUINDA,11486
AGUINSACA,1051
AGUIRRE,39175
AGURTO,2912
AIGAJE,1173
AIMACAÑA,2714
AJILA,5627
AJON,2062
ALAJO,1528
ALARCON,23481
ALAVA,32983
ALAY,6762
ALBA,3265
ALBAN,17119
ALBARRACIN,3609
ALBERCA,1146
ALBIÑO,1102
ALBUJA,4744
ALCIVAR,58985
ALCOCER,2188
ALCOSER,1424
ALDAS,5344
ALDAZ,6761
ALEGRIA,1727
ALEJANDRO,7237
ALEMAN,2241
ALENCASTRO,1027
ALFONSO,1882
ALFONZO,1004
ALLAICA,1162
ALLAICO,1155
ALLAUCA,3597
ALMACHE,3144
ALMACHI,4713
ALMAGRO,1582
ALMEIDA,31006
ALMENDARIZ,1361
ALOMOTO,3973
ALONSO,2142
ALONZO,3935
ALQUINGA,3216
ALTAMIRANO,14570
ALULEMA,3130
ALULIMA,1272
ALVARADO,102146
ALVAREZ,75562
ALVARIO,1341
ALVARO,1541
ALVARRACIN,1820
ALVEAR,8374
ALVERCA,1643
ALVIA,4788
AMADOR,1262
AMAGUA,2253
AMAGUAYA,2391
AMAGUAÑA,5424
AMAIQUEMA,1316
AMAN,1215
AMANCHA,1269
AMAY,1494
AMAYA,4560
AMBULUDI,3294
AMENDAÑO,1039
AMORES,3092
AMPUERO,1010
ANAGUANO,1307
ANALUISA,6313
ANANGONO,2545
ANASTACIO,2700
ANCHUNDIA,36485
ANDAGANA,1433
ANDAGOYA,1014
ANDALUZ,2161
ANDI,11857
ANDINO,4843
ANDRADE,77637
ANDRANGO,10651
ANDY,8412
ANGAMARCA,8344
ANGEL,2914
ANGO,1117
ANGUISACA,2077
ANGULO,29083
ANILEMA,1745
ANKUASH,3283
ANRANGO,7532
ANRRANGO,2416
ANTE,3938
ANTEPARA,1876
ANTON,1260
ANTUN,2355
ANZULES,4794
APOLINARIO,4770
APOLO,8179
APONTE,3099
APUGLLON,1330
APUNTE,1267
AQUINO,3146
ARAGON,2093
ARAGUNDI,2613
ARAMBULO,1307
ARANA,10027
ARANDA,3125
ARAQUE,1964
ARAUJO,12033
ARAUZ,4932
ARAY,1490
ARBOLEDA,10568
ARCE,10715
ARCENTALES,5207
ARCINIEGA,1532
ARCOS,10078
ARDILA,1009
ARELLANO,13828
AREQUIPA,2889
AREVALO,32347
ARGANDOÑA,1022
ARGUDO,3230
ARGUELLO,8238
ARIAS,51648
ARISTEGA,2255
ARIZAGA,2857
ARIZALA,1169
ARMAS,8124
ARMENDARIZ,2245
ARMIJO,2544
ARMIJOS,31621
AROCA,4012
ARPI,3079
ARREAGA,16513
ARRIAGA,5129
ARRIETA,1685
ARROBA,2944
ARROBO,2319
ARROYO,17421
ARTEAGA,30054
ARZUBE,1275
ASANZA,3674
ASCENCIO,1632
ASENCIO,6946
ASHANGA,1486
ASHQUI,2241
ASIMBAYA,2104
ASIPUELA,1179
ASITIMBAY,3127
ASPIAZU,4242
ASQUI,2545
ASTUDILLO,18298
ASUNCION,1506
ATARIGUANA,1143
ATI,1129
ATIENCIA,2376
ATUPAÑA,2349
AUCANCELA,3497
AUCAPIÑA,3346
AUCATOMA,3174
AUCAY,2214
AULES,2156
AULESTIA,1602
AULLA,1345
AUQUI,1842
AUQUILLA,3709
AURIA,1024
AUZ,1114
AVALOS,2876
AVEIGA,8832
AVELINO,2489
AVELLAN,2046
AVENDAÑO,2405
AVEROS,1125
AVILA,40183
AVILES,23861
AVILEZ,3923
AYALA,33675
AYAVACA,2012
AYO,1531
AYOL,1367
AYORA,2280
AYOVI,7965
AZANZA,1304
AZAS,1356
AZOGUE,5518
AZUERO,1593
AÑAPA,6400
AÑAZCO,2677
BACILIO,2144
BACUILIMA,1571
BACULIMA,1578
BADILLO,2074
BAEZ,4666
BAGUI,1204
BAHAMONDE,1088
BAIDAL,2624
BAILON,11678
BAJAÑA,27598
BALAREZO,4324
BALCAZAR,5985
BALDA,1655
BALDEON,4210
BALDERRAMO,1464
BALLA,1866
BALLADARES,5757
BALLESTEROS,2928
BALON,5828
BALSECA,7143
BANCHON,9103
BANDA,1823
BANEGAS,2446
BANGUERA,2273
BAQUE,29409
BAQUERIZO,8809
BAQUERO,3132
BARAHONA,14325
BARBA,4833
BARBECHO,2930
BARBERAN,6004
BARBOTO,1212
BARCIA,7277
BARCO,5011
BARCOS,1278
BAREN,2251
BARONA,2438
BARRAGAN,11335
BARRE,13499
BARREIRO,6570
BARRENO,4278
BARRERA,15874
BARRETO,11316
BARREZUETA,4703
BARRIGA,3899
BARRIONUEVO,5478
BARRIOS,1997
BARROS,10696
BARROSO,1911
BARZALLO,4088
BARZOLA,14477
BASANTES,7881
BASTIDAS,17278
BASURTO,17125
BATALLAS,2310
BATIOJA,2284
BAUTISTA,15546
BAYAS,8529
BAYONA,1115
BAZAN,4443
BAZURTO,12030
BAÑO,4902
BAÑOS,1509
BECERRA,8673
BEDON,3627
BEDOR,1076
BEDOYA,5362
BEJARANO,5144
BELDUMA,1723
BELLO,2166
BELTRAN,17557
BENALCAZAR,10428
BENAVIDES,26697
BENAVIDEZ,1232
BENITES,5159
BENITEZ,16592
BERMEJO,2242
BERMELLO,7449
BERMEO,25750
BERMUDEZ,11098
BERNABE,2358
BERNAL,7091
BERNITA,1809
BERREZUETA,3387
BERRONES,2667
BETANCOURT,8845
BETUN,1336
BLACIO,3202
BLANCO,1646
BOADA,2603
BOBADILLA,1023
BODERO,1268
BOHORQUEZ,12938
BOLAÑOS,12357
BOMBON,2792
BONE,18680
BONIFAZ,2287
BONILLA,29873
BONOSO,1047
BORBOR,14849
BORJA,22531
BORRERO,1782
BOSQUEZ,3092
BOWEN,2476
BOZA,1339
BOZADA,1423
BRAVO,95501
BRICEÑO,4154
BRIONES,44540
BRITO,15070
BRONCANO,1376
BUCHELI,2230
BUELE,2059
BUENAÑO,5783
BUENO,10254
BUESTAN,3027
BUITRON,3052
BURBANO,9890
BURGA,2949
BURGOS,34491
BURI,2915
BURNEO,1252
BUSTAMANTE,23333
BUSTE,2038
BUSTILLOS,2315
BUSTOS,7691
BUÑAY,7299
CAAMAÑO,1369
CABA,1118
CABALLERO,2581
CABANILLA,2717
CABASCANGO,9617
CABELLO,2528
CABEZA,4004
CABEZAS,21476
CABRERA,68146
CACAO,2850
CACERES,9964
CACHAGO,1733
CACHIGUANGO,2267
CACHIMUEL,3248
CACHIPUENDO,1046
CACOANGO,1736
CACUANGO,6833
CADENA,20202
CAGUA,14872
CAGUANA,8249
CAGUANO,1010
CAHUASQUI,1287
CAICEDO,41335
CAICHE,1975
CAILLAGUA,1745
CAISA,3148
CAISAGUANO,4425
CAIZA,34873
CAIZAGUANO,2862
CAIZALUISA,1195
CAJAMARCA,14206
CAJAPE,2082
CAJAS,9193
CAJILEMA,3709
CAJILIMA,1012
CAJO,1391
CALAHORRANO,1433
CALAPAQUI,1405
CALAPIÑA,1914
CALAPUCHA,5049
CALDAS,1287
CALDERON,50608
CALERO,11246
CALI,4813
CALLE,29893
CALO,2140
CALPA,1037
CALUGUILLIN,1317
CALUÑA,2004
CALVA,11510
CALVACHE,3533
CALVACHI,1336
CALVOPIÑA,3452
CAMACHO,22004
CAMAS,2757
CAMBA,2130
CAMBISACA,1160
CAMBO,1741
CAMINO,2872
CAMPAÑA,7109
CAMPO,3668
CAMPOS,13354
CAMPOVERDE,31729
CAMPOZANO,2371
CAMPUES,1746
CAMPUZANO,9888
CAMUENDO,2005
CANALES,2899
CANCHINGRE,2700
CANDELARIO,4607
CANDELEJO,1024
CANDO,21696
CANELOS,1515
CANGA,1732
CANGO,4484
CANO,6587
CANTINCUZ,1835
CANTOS,14834
CANTUÑA,1336
CAPA,3535
CAPELO,1278
CAPITO,1023
CAPUZ,1435
CARABAJO,2308
CARABALI,1912
CARAGUAY,2312
CARANGUI,1473
CARANQUI,3311
CARBO,6893
CARCELEN,2811
CARCHI,7236
CARCHIPULLA,3050
CARDENAS,41334
CARDONA,1692
CARDOZO,1075
CARGUA,2903
CARGUACHI,1012
CARLOSAMA,5097
CARMONA,1528
CARPIO,19962
CARRANZA,15979
CARRASCO,16752
CARRERA,23384
CARREÑO,12464
CARRIEL,9850
CARRILLO,25764
CARRION,24840
CARTAGENA,2413
CARTUCHE,2341
CARVAJAL,20477
CASA,7136
CASANOVA,4355
CASCO,2980
CASIERRA,2709
CASILLAS,1469
CASQUETE,3754
CASTAÑEDA,12093
CASTAÑO,1104
CASTELLANO,2484
CASTELLANOS,2506
CASTELO,2118
CASTILLO,92582
CASTRO,123885
CATAGUA,3893
CATAGÑA,2601
CATOTA,5397
CATUCUAGO,1119
CATUCUAMBA,1818
CATUTO,3341
CAYAMBE,5378
CAYANCELA,1185
CAYO,2216
CAZA,2160
CAZAR,2011
CAÑAR,7070
CAÑARTE,2910
CAÑIZARES,3431
CAÑOLA,1597
CEBALLOS,2403
CEDEÑO,149812
CEDILLO,8438
CELA,2541
CELI,10267
CELLERI,1477
CELORIO,2390
CEME,1209
CENTENO,7790
CEPEDA,17456
CERCADO,5739
CERDA,9633
CEREZO,5875
CERNA,1309
CERON,4571
CERVANTES,6402
CEVALLOS,78799
CHABLA,2216
CHACA,1113
CHACAGUASAY,1855
CHACHA,11243
CHACHALO,1255
CHACHO,1367
CHACON,11796
CHAFLA,5494
CHAGLLA,1153
CHAGUAY,2392
CHALA,4286
CHALACAN,1909
CHALAN,4240
CHALCO,3992
CHALEN,6766
CHALUISA,3027
CHAMAIDAN,1370
CHAMBA,20073
CHAMORRO,11415
CHANALUISA,1596
CHANATASIG,1367
CHANCAY,7797
CHANCUSIG,2632
CHANDI,1353
CHANG,3413
CHANGO,16605
CHANGOLUISA,5610
CHAPA,1346
CHAPI,1637
CHAQUINGA,1281
CHARCO,2314
CHARCOPA,3313
CHARIGUAMAN,1581
CHASI,6135
CHASILUISA,1117
CHASING,1030
CHASIPANTA,3214
CHATO,1190
CHAUCA,4384
CHAVARRIA,6723
CHAVES,1029
CHAVEZ,76348
CHECA,2492
CHELA,3348
CHELE,4129
CHEME,5729
CHEN,2159
CHENCHE,2024
CHERE,1975
CHERRES,1102
CHERREZ,3463
CHEVEZ,4692
CHICA,17277
CHICAIZA,47093
CHICHANDA,2684
CHICHANDE,5962
CHICO,2766
CHIGUANO,5890
CHILA,15376
CHILAN,8811
CHILENO,1415
CHILIQUINGA,6486
CHILLAGANA,2525
CHILLOGALLI,3659
CHILLOGALLO,1217
CHILUISA,7657
CHILUIZA,3246
CHIMARRO,1612
CHIMBA,1009
CHIMBO,19396
CHIMBOLEMA,5432
CHIMBORAZO,9345
CHINGA,2739
CHIPANTIZA,2448
CHIPRE,1887
CHIQUITO,7936
CHIRIAP,2662
CHIRIAPA,1258
CHIRIBOGA,9985
CHIRIGUAYA,4504
CHIRIGUAYO,1277
CHISAG,3013
CHISAGUANO,3774
CHITO,1067
CHIZA,1119
CHOCHO,2008
CHOEZ,29092
CHOLANGO,1426
CHOLOQUINGA,1855
CHOMPOL,1041
CHONG,1175
CHONGO,1518
CHONILLO,3635
CHOTO,1725
CHUCHUCA,3948
CHUCURI,1024
CHUEZ,1898
CHUGA,2219
CHUGCHILAN,4216
CHUINT,1193
CHULCA,1385
CHULCO,1063
CHULDE,2782
CHUMA,1047
CHUMAP,1031
CHUMBI,1308
CHUMO,1577
CHUMPI,2141
CHUNCHO,1610
CHUNGA,1179
CHUQUI,5795
CHUQUIANA,1010
CHUQUIMARCA,6476
CHUQUIN,2364
CHUQUIRIMA,1101
CHUQUITARCO,2808
CHUSIN,4180
CHUTO,1353
CHUYA,1556
CIFUENTES,4381
CIMARRON,1180
CIRINO,2137
CISNEROS,11908
CLAUDIO,1280
CLAVIJO,5830
CLEMENTE,2066
COBA,3292
COBEÑA,11790
COBO,3625
COBOS,8828
COCHA,3881
COCHANCELA,1407
COELLO,26120
COFRE,2703
COLCHA,5618
COLES,1254
COLIMBA,1859
COLLAGUAZO,13001
COLLAHUAZO,1316
COLLANTES,1512
COLOBON,1434
COLOMA,6273
COLORADO,1138
COLUMBA,1078
CONCHA,2199
CONDE,3605
CONDO,5576
CONDOLO,1089
CONDOR,7845
CONDOY,3037
CONEJO,1342
CONFORME,10201
CONGACHA,1710
CONGO,2786
CONLAGO,1573
CONSTANTE,6492
CONSUEGRA,1046
CONTENTO,2796
CONTERON,1216
CONTRERAS,26230
CONZA,2014
COOX,1267
COQUE,4280
COQUINCHE,2738
CORAIZACA,1049
CORAL,4612
CORDERO,11940
CORDOVA,44456
CORELLA,1178
CORNEJO,12345
CORO,4778
CORONADO,2721
CORONEL,24174
COROZO,6864
CORRAL,2189
CORRALES,3175
CORREA,26367
CORTE,1843
CORTES,4008
CORTEZ,29036
COSTA,1489
COSTALES,1028
COTACACHI,2077
COTERA,1458
COVEÑA,2830
COX,2327
COYAGO,4442
CRESPIN,5922
CRESPO,13309
CRIOLLO,26889
CRUZ,66309
CUADRADO,2182
CUADROS,2255
CUALCHI,1066
CUARAN,1773
CUASAPAZ,1662
CUASCOTA,3902
CUASPUD,1708
CUASQUER,2151
CUCALON,1038
CUCHIPARTE,2119
CUCHIPE,1514
CUELLAR,1407
CUENCA,25697
CUERO,7210
CUESTA,4820
CUEVA,22326
CUICHAN,4419
CUJI,8203
CUJILAN,1865
CUJILEMA,3560
CULCAY,1245
CULQUI,2262
CUMBA,1169
CUMBAJIN,1378
CUMBAL,3412
CUMBE,2072
CUMBICOS,2281
CUMBICUS,3006
CUNALATA,6154
CUNDURI,1060
CUNUHAY,1778
CURAY,2149
CURICAMA,1006
CURICHO,1213
CURILLO,2443
CURIPOMA,1590
CUSME,12260
CUVI,2795
CUYO,3034
CUZCO,7182
CUZME,2540
CUÑAS,1277
DAHUA,2120
DAMIAN,1214
DAQUILEMA,8395
DAVALOS,3025
DAVILA,15715
DAZA,2747
DE LA A,3157
DE LA CRUZ,28153
DE LA O,1043
DE LA ROSA,4395
DE LA TORRE,8580
DEFAZ,3077
DEL PEZO,6639
DEL POZO,1454
DEL ROSARIO,2411
DEL SALTO,1066
DEL VALLE,2328
DELEG,3880
DELGADO,101324
DEMERA,6869
DESIDERIO,1518
DIAS,3655
DIAZ,71568
DICAO,1060
DOMINGUEZ,28451
DOMO,1083
DONOSO,5047
DROUET,1167
DUARTE,8053
DUCHE,1447
DUCHI,4053
DUCHITANGA,1580
DUEÑAS,7277
DUMES,2320
DUQUE,7349
DURAN,11450
DURAZNO,1353
DUTAN,4688
ECHEVERRIA,12306
EGAS,4659
EGUEZ,1260
ELIZALDE,8455
ELIZONDO,1390
ENCALADA,14099
ENCARNACION,4768
ENDARA,5253
ENGRACIA,1041
ENRIQUEZ,20894
ERAS,5890
ERAZO,24644
ERIQUE,1241
ERRAEZ,2065
ERREYES,1857
ESCALANTE,6894
ESCANDON,1929
ESCOBAR,30607
ESCOLA,1166
ESCUDERO,3413
ESMERALDA,1793
ESMERALDAS,5374
ESPARZA,3871
ESPAÑA,9059
ESPEJO,1350
ESPIN,14912
ESPINAL,3458
ESPINALES,4365
ESPINEL,3143
ESPINOSA,21087
ESPINOZA,101324
ESQUIVEL,1131
ESTACIO,5242
ESTEVEZ,3412
ESTRADA,16482
ESTRELLA,11176
ESTUPIÑAN,9122
EUGENIO,2223
EVAS,1073
FABARA,1380
FAICAN,1912
FAJARDO,25414
FALCON,2636
FALCONES,7603
FALCONI,4724
FARES,1075
FAREZ,5513
FARFAN,6317
FARIAS,14963
FARINANGO,16324
FARIÑO,2297
FEIJOO,5655
FELIX,1889
FERNANDEZ,45960
FERRIN,3770
FERRUZOLA,1213
FIALLOS,6518
FIERRO,5538
FIGUEROA,39283
FLOR,3502
FLOREANO,1399
FLORES,103058
FOLLECO,1535
FONSECA,6148
FRANCO,45685
FREIRE,29979
FRIAS,2157
FUEL,1599
FUENTES,18317
FUERES,1495
FUEREZ,1283
FUERTES,2595
GADVAY,1009
GAIBOR,12946
GALAN,2406
GALARRAGA,2892
GALARZA,30423
GALEAS,4758
GALINDO,2299
GALLARDO,11312
GALLEGOS,13874
GALLO,5737
GALVEZ,4885
GAMARRA,3462
GAMBOA,8316
GAME,1134
GAMEZ,2609
GANAN,1961
GANCHOZO,8733
GANCINO,1987
GAONA,9324
GARAICOA,1254
GARAY,2158
GARCES,18407
GARCIA,192686
GARNICA,1201
GAROFALO,4365
GARRIDO,4943
GARZON,15634
GASPAR,2328
GAVIDIA,1486
GAVILANES,17125
GAVILANEZ,11789
GAVIN,1015
GERMAN,2132
GIA,1041
GIL,2971
GILCES,3689
GILER,13580
GIRALDO,2441
GIRON,3999
GODOY,8872
GOMEZ,86868
GONGORA,3749
GONZA,1543
GONZABAY,9758
GONZAGA,4950
GONZALES,8318
GONZALEZ,130809
GORDILLO,10747
GORDON,5139
GOROTIZA,2252
GOROZABEL,2783
GOVEA,1088
GOYA,3486
GOYES,3835
GRACIA,4917
GRANADOS,2123
GRANDA,24210
GRANIZO,4682
GRANJA,4980
GRANOBLE,1185
GREFA,31400
GRIJALVA,4257
GRUEZO,2147
GUACHAMIN,6750
GUACHI,1468
GUACHICHULLCA,1354
GUACHO,5235
GUACHUN,1077
GUADALUPE,3307
GUADAMUD,4735
GUAGUA,3916
GUAICHA,1797
GUAILLA,1671
GUAILLAS,3678
GUAITA,1534
GUAJALA,1474
GUAJAN,2690
GUALA,1707
GUALACATA,1487
GUALAN,10571
GUALAVISI,1877
GUALE,6436
GUALINGA,3041
GUALLI,3573
GUALLICHICO,3182
GUALLPA,6299
GUALOTO,5099
GUALOTUÑA,6098
GUALPA,5540
GUALSAQUI,1871
GUAMAN,101469
GUAMANGATE,2371
GUAMANI,2274
GUAMBAÑA,1254
GUAMBO,2765
GUAMBUGUETE,1448
GUAMINGA,1392
GUANANGA,3077
GUANDINANGO,1258
GUANGA,3896
GUANGASI,1039
GUANIN,1441
GUANO,4922
GUANOCHANGA,1407
GUANOLUISA,8654
GUANOPATIN,1248
GUANOQUIZA,4702
GUANOTASIG,1902
GUANOTUÑA,2765
GUANUCHE,1064
GUANUCHI,1411
GUAPI,3609
GUAPISACA,1119
GUAPULEMA,1238
GUARACA,7387
GUARANDA,9448
GUARANGA,1876
GUARANGO,1221
GUARDERAS,1235
GUARNIZO,2698
GUARTAN,1224
GUASCO,1199
GUASGUA,1114
GUASHPA,3044
GUATEMAL,1713
GUATO,2892
GUAYANAY,1678
GUAYASAMIN,2120
GUAYLLAS,1030
GUAÑA,2960
GUAÑO,1405
GUAÑUNA,2201
GUDIÑO,2992
GUERRA,20028
GUERRERO,76036
GUERRON,4050
GUEVARA,30994
GUIJARRO,2035
GUILCAPI,2082
GUILLEN,10548
GUILLERMO,1098
GUILLIN,1593
GUINGLA,1008
GUIRACOCHA,2434
GUITARRA,1053
GUNCAY,2075
GURUMENDI,2598
GUSQUI,1722
GUTAMA,3700
GUTIERREZ,32947
GUZHÑAY,1369
GUZMAN,30665
GUZÑAY,1782
HARO,18164
HAZ,1296
HENRIQUEZ,1990
HERAS,6624
HERDOIZA,1215
HEREDERO,1094
HEREDIA,13376
HERMIDA,1394
HERMOSA,1065
HERNANDEZ,45597
HERRERA,80252
HERRERIA,1013
HIDALGO,42719
HIDROVO,1694
HINOJOSA,5627
HINOSTROZA,1111
HIPO,1467
HOLGUIN,30048
HONORES,1448
HOYOS,2166
HUACON,5229
HUANCA,1544
HUANG,1022
HUARACA,1576
HUATATOCA,6107
HUAYAMAVE,1937
HUERA,2268
HUERTA,3467
HUERTAS,2191
HUILCA,2235
HUIRACOCHA,1044
HURTADO,24071
IBADANGO,1334
IBARRA,20777
IBAÑEZ,2020
IBUJES,1424
ICAZA,3709
IDROVO,7454
IGLESIAS,2662
ILAQUICHE,1794
ILBAY,1875
ILES,1136
ILLANES,1998
ILLAPA,1379
ILLESCAS,6989
IMBA,1502
IMBAQUINGO,9505
INCA,2214
INDACOCHEA,2074
INDIO,3100
INFANTE,4019
INGA,7856
INLAGO,1641
INSUASTI,1149
INTRIAGO,43263
IPIALES,4989
IRUA,1119
ITURRALDE,3754
IZA,19094
IZQUIERDO,6763
IZURIETA,4767
IÑAMAGUA,1259
IÑIGUEZ,6260
JACHO,2963
JACOME,26048
JADAN,3802
JAEN,2883
JAIME,6803
JALCA,1502
JAMA,13342
JAMI,5425
JANETA,1261
JAPA,1470
JAPON,3708
JARA,23450
JARAMA,1936
JARAMILLO,54999
JARRIN,7937
JARRO,1416
JATIVA,3724
JAYA,6272
JEREZ,4868
JIJON,2363
JIMA,2229
JIMBO,4217
JIMENEZ,109894
JIMPIKIT,2629
JIPA,2208
JIRON,1482
JORDAN,7834
JOSE,1372
JUANAZO,1171
JUANK,1927
JUCA,2349
JUELA,3434
JUMA,1644
JUMBO,14180
JUNCO,2177
JURADO,12835
JUWA,1462
KAJEKAI,1253
KATAN,1060
KAYAP,1451
KLINGER,1292
LAAZ,2016
LABANDA,2680
LADINES,2112
LAGLA,2038
LAGOS,1623
LAGUA,2427
LAICA,1008
LAINES,1647
LAINEZ,8832
LAJE,3747
LALA,2107
LALALEO,1205
LALAMA,1134
LALANGUI,4103
LALVAY,3359
LAMAR,1032
LAMILLA,3242
LANCHE,1162
LANCHIMBA,5378
LANDA,2336
LANDAZURI,5947
LANDETA,2385
LANDI,3250
LANDIN,1383
LANDIVAR,2150
LAPO,5246
LARA,34115
LARCO,2035
LARGO,3256
LARREA,5812
LARROSA,1310
LASCANO,8138
LASLUISA,2641
LASSO,5069
LASTRA,3402
LATA,2691
LAVAYEN,4851
LAZ,4741
LAZARO,1370
LAZO,7760
LEAL,2018
LECARO,1086
LECHON,3471
LEDESMA,4891
LEITON,1472
LEIVA,2821
LEMA,45808
LEMACHE,1513
LEMOS,1495
LEON,95574
LEONES,4572
LESCANO,2813
LEYTON,1348
LI,1381
LIBERIO,1485
LICOA,1325
LICUY,4888
LIMA,8511
LIMAICO,1914
LIMONES,5135
LIN,1055
LINARES,1121
LINCANGO,3172
LINDAO,10969
LINO,14141
LIRIO,1498
LISINTUÑA,2365
LITA,1914
LITARDO,7326
LITUMA,4621
LIU,1174
LIZANO,1433
LLAGUNO,1238
LLAMBO,1242
LLAMUCA,3727
LLANGA,1033
LLANGARI,2226
LLANO,2905
LLANOS,5447
LLERENA,10058
LLIGUICOTA,1555
LLIGUIN,2156
LLIQUIN,1114
LLIVICURA,1729
LLIVISACA,1727
LLONGO,1019
LLUILEMA,1355
LLULLUNA,1704
LLUMIQUINGA,8038
LLUMITASIG,1885
LLUMITAXI,2172
LOACHAMIN,5312
LOAIZA,7455
LOAYZA,5078
LOGACHO,1601
LOGRO,1584
LOGROÑO,2347
LOJA,21306
LOJAN,1982
LOJANO,6029
LOMAS,2902
LOMBEIDA,2588
LONDOÑO,1078
LOOR,93871
LOPEZ,170052
LOVATO,1505
LOY,1018
LOYA,1339
LOYOLA,2348
LOZA,5631
LOZADA,7894
LOZANO,20884
LUCAS,30159
LUCERO,13683
LUCIN,2105
LUCIO,5563
LUDEÑA,3747
LUGMAÑA,1666
LUGO,2769
LUMBI,1442
LUNA,22051
LUQUE,2320
LUTUALA,1870
LUZARDO,1677
LUZON,1500
LUZURIAGA,5678
MACANCELA,2048
MACAS,21590
MACAY,3461
MACHADO,3943
MACHOA,2213
MACHUCA,3914
MACIAS,115302
MADRID,3413
MAFLA,2571
MAGALLAN,3029
MAGALLANES,7161
MAIGUA,4567
MAILA,2522
MAINATO,1167
MAISANCHE,1057
MAISINCHO,1316
MAITA,1961
MAJI,1834
MALA,2184
MALAGON,1148
MALAN,4014
MALAVE,7327
MALDONADO,46166
MALES,6756
MALIZA,2348
MALLA,7572
MALO,1593
MAMALLACTA,5085
MANCERO,2687
MANCHENO,3606
MANCILLA,2273
MANJARRES,1157
MANOBANDA,10027
MANOSALVAS,3769
MANOTOA,1888
MANRIQUE,3486
MANTILLA,7713
MANTUANO,8009
MANYA,1603
MANZABA,12130
MANZANO,5975
MANZO,2069
MAQUILON,2531
MARCA,3008
MARCALLA,2123
MARCATOMA,3481
MARCHAN,1014
MARCIAL,1219
MARCILLO,21893
MARIDUEÑA,4414
MARIN,16594
MARISCAL,3556
MARIÑO,4584
MARMOL,1715
MARMOLEJO,1533
MARQUEZ,26243
MARQUINEZ,2012
MARTILLO,7939
MARTINEZ,84998
MARURI,2189
MASABANDA,6815
MASACHE,3435
MASAPANTA,2651
MASAQUIZA,5771
MASHIANT,1206
MASHU,1181
MATA,3353
MATAILO,2472
MATAMOROS,6773
MATANGO,1655
MATEO,2593
MATIAS,2323
MATUTE,9497
MAYA,2721
MAYANCELA,3769
MAYANCHA,1335
MAYORGA,12681
MAZA,14087
MAZABANDA,1482
MAZAMBA,1620
MAZON,2026
MAZZINI,1916
MAÑAY,1445
MECIAS,2495
MEDIAVILLA,1985
MEDINA,62233
MEDRANDA,9213
MEDRANO,2728
MEJIA,48958
MEJILLON,1741
MEJILLONES,1539
MELENDEZ,2123
MELENDRES,1670
MELGAR,1241
MELO,4471
MENA,15742
MENDEZ,41432
MENDIETA,12596
MENDOZA,120115
MENENDEZ,12452
MENESES,7733
MENOSCAL,4239
MERA,52343
MERCADO,2548
MERCHAN,29169
MEREJILDO,2028
MERELO,3435
MERINO,12167
MERIZALDE,4230
MERO,44744
MESA,2029
MESIAS,3556
MESTANZA,2515
MEZA,22735
MICHILENA,1241
MICOLTA,2188
MIELES,9165
MIGUEZ,1147
MILAN,1687
MILLAN,1304
MILLINGALLI,1578
MINA,16319
MINAYA,2774
MINCHALA,3579
MINDA,5364
MINDIOLA,2654
MINDIOLAZA,1760
MINGA,3350
MINTA,1559
MIRABA,3287
MIRANDA,35522
MITE,11392
MIZHQUIRI,1025
MIÑO,6198
MOCHA,3317
MOGOLLON,1433
MOGRO,1075
MOGROVEJO,3592
MOINA,1341
MOLINA,62141
MOLINEROS,1001
MONAR,5951
MONCADA,8539
MONCAYO,14475
MONGE,3191
MONROY,1983
MONRROY,1321
MONSERRATE,8512
MONTA,1279
MONTACHANA,1147
MONTAGUANO,1154
MONTALEZA,1019
MONTALUISA,1407
MONTALVAN,9347
MONTALVO,9559
MONTAÑO,15198
MONTECE,3142
MONTENEGRO,18072
MONTERO,16630
MONTEROS,1746
MONTES,10107
MONTESDEOCA,10304
MONTIEL,5841
MONTOYA,17844
MONTUFAR,1962
MOPOSITA,7923
MORA,76844
MORALES,93945
MORAN,69513
MORANTE,5864
MOREANO,2224
MOREIRA,91081
MOREJON,6147
MORENO,54971
MORETA,13179
MORILLO,7246
MORLA,1154
MOROCHO,63136
MORQUECHO,1861
MORRILLO,1385
MOSCOSO,7827
MOSQUERA,34110
MOTA,2222
MOTOCHE,1299
MOYA,11209
MOYANO,5955
MOYOLEMA,2165
MOYON,2026
MUELA,1772
MUENALA,3292
MUENTES,4535
MUESES,1381
MUGMAL,1027
MUJICA,1561
MULLO,6019
MURILLO,46046
MURRIETA,1451
MUSO,1878
MUYOLEMA,1044
MUYULEMA,2284
MUZO,2419
MUÑIZ,7863
MUÑOZ,99923
NACIMBA,1807
NACIPUCHA,1002
NAGUA,2586
NAJERA,1881
NANTIP,1085
NAPA,10172
NARANJO,39116
NAREA,1530
NARVAEZ,38349
NASIMBA,1784
NASTACUAS,1337
NASTACUAZ,1448
NAULA,17018
NAVARRETE,31755
NAVARRO,9830
NAVAS,9785
NAVIA,2777
NAZARENO,12164
NAZATE,1877
NEGRETE,3612
NEIRA,8804
NEVAREZ,3304
NICOLA,1182
NICOLALDE,2994
NIETO,12655
NIEVES,5753
NINABANDA,1225
NINASUNTA,1756
NIOLA,1289
NIVELA,1993
NIVELO,2754
NIVICELA,1365
NOA,1436
NOBLECILLA,1304
NOBOA,9831
NOGALES,2055
NOGUERA,1916
NOLE,1757
NOLIVOS,1176
NORIEGA,3177
NOROÑA,1947
NOTENO,1980
NOVILLO,3020
NOVOA,2166
NUGRA,1842
NUÑEZ,30584
OBACO,1357
OBANDO,15923
OBREGON,2921
OCAMPO,5893
OCAÑA,5528
OCHOA,38708
OJEDA,12302
OLALLA,2499
OLAYA,5123
OLEAS,3293
OLIVARES,1824
OLIVES,2037
OLIVO,7492
OLMEDO,11724
OLVERA,10045
ONCE,1957
ONOFRE,4406
ONTANEDA,3350
OQUENDO,1459
ORBE,3263
ORDOÑEZ,49723
OREJUELA,2370
ORELLANA,29737
ORMAZA,5910
OROBIO,1431
OROSCO,2157
OROZCO,13247
ORQUERA,1012
ORRALA,12376
ORTEGA,58036
ORTIZ,91630
OSORIO,7302
OSPINA,1136
OSTAIZA,4118
OTAVALO,3698
OTERO,2360
OTO,1207
OVIEDO,7098
OYAGATA,1682
OYOLA,1858
OÑA,14932
OÑATE,6705
PABON,3457
PACA,5148
PACCHA,2669
PACHA,1824
PACHACAMA,5228
PACHAR,1396
PACHAY,4579
PACHECO,38944
PACHITO,1260
PACHO,1533
PADILLA,26508
PAEZ,9637
PAGUAY,12666
PAILLACHO,3285
PALA,1423
PALACIO,1909
PALACIOS,41572
PALADINES,9843
PALAGUACHI,2962
PALATE,2499
PALLASCO,1564
PALLO,8259
PALMA,36716
PALOMEQUE,3210
PALOMINO,3455
PALOMO,2650
PALTA,1570
PALTAN,2764
PANAMA,4145
PANATA,1137
PANCHANA,9348
PANCHI,4224
PANDO,1245
PANEZO,2826
PANIMBOZA,1442
PANTA,3520
PANTALEON,1003
PANTOJA,5963
PAPA,1780
PAQUI,1736
PARCO,2994
PARDO,8573
PAREDES,59684
PAREJA,2603
PARRA,24054
PARRAGA,30540
PARRALES,28120
PARREÑO,2871
PASCAL,1636
PASPUEL,3188
PASQUEL,2426
PASTO,1581
PASTOR,1448
PASTUÑA,4608
PATA,1185
PATIN,3069
PATIÑO,16742
PAUCAR,21516
PAUCHI,1249
PAUTA,4584
PAUTE,2387
PAVON,3509
PAY,1476
PAZ,10882
PAZMIÑO,30180
PAZOS,1802
PAÑI,1001
PELAEZ,4734
PERALTA,33575
PERALVO,1726
PERDOMO,2677
PEREA,5244
PEREIRA,6273
PERERO,3888
PEREZ,98574
PERLAZA,3094
PERUGACHI,10085
PESANTES,5251
PESANTEZ,12694
PEZO,2203
PEÑA,31343
PEÑAFIEL,38379
PEÑAHERRERA,6491
PEÑALOZA,5428
PEÑARANDA,2789
PEÑARRIETA,5529
PIANCHICHE,1402
PIARPUEZAN,1057
PIBAQUE,2791
PICHUCHO,1651
PICO,17576
PICON,1330
PICUASI,2014
PIEDRA,8775
PIEDRAHITA,1040
PIGUAVE,9683
PIHUAVE,2055
PILA,5140
PILAGUANO,2636
PILALUMBO,1376
PILAMUNGA,7340
PILAPANTA,1263
PILATASIG,7090
PILATAXI,7742
PILATUÑA,2365
PILAY,9245
PILCA,1309
PILCO,15069
PILICITA,1376
PILLA,2191
PILLACELA,1476
PILLAJO,12549
PILLASAGUA,3701
PILLCO,2289
PILLIGUA,6068
PILLIZA,1578
PILOSO,3949
PILOZO,6228
PIN,15451
PINANGO,1126
PINARGOTE,21937
PINCAY,38540
PINCHAO,2085
PINDO,2026
PINDUISACA,2559
PINEDA,18497
PINELA,5198
PINGUIL,1184
PINO,5556
PINOARGOTE,1743
PINOS,6674
PINTA,4259
PINTADO,7318
PINTAG,1741
PINTO,14532
PINZA,1701
PINZON,3564
PIONCE,1986
PISCO,5982
PITA,8476
PITIUR,1187
PIVAQUE,1301
PIZA,5858
PIZARRO,6538
PIÑA,4780
PLACENCIA,1970
PLACENCIO,1309
PLASENCIA,2379
PLAZA,14797
PLUA,9770
PLUAS,19039
POAQUIZA,5604
POGO,2305
POLANCO,2181
POLIT,1027
POLO,2540
POMA,6752
POMAQUIZA,2494
POMAVILLA,1454
PONCE,49694
PONGUILLO,2290
PONTON,1713
POROZO,1913
PORRAS,4141
PORTERO,1467
PORTILLA,10458
PORTILLO,1380
PORTOCARRERO,2275
POSLIGUA,9783
POSSO,1167
POTES,1395
POTOSI,2899
POVEDA,8654
POZO,31340
PRADO,12031
PRECIADO,9329
PRIETO,4285
PROAÑO,23234
PROCEL,3088
PRUDENTE,1437
PRUNA,1311
PUCHA,5047
PUCHAICELA,2782
PUCUNA,1384
PUENTE,4960
PUERTAS,1169
PUETATE,3064
PUGA,3034
PUGLLA,2353
PUGO,1788
PUJOS,1371
PUJOTA,2387
PULAMARIN,1065
PULGARIN,1134
PULLA,4835
PULLAGUARI,1603
PULLAS,1728
PULLAY,1293
PULLOTASIG,1199
PULLUPAXI,1533
PULUPA,1616
PUMA,6937
PUNINA,8840
PUPIALES,4353
PURUNCAJAS,1293
PUWAINCHIR,1306
QUELAL,3015
QUEVEDO,7839
QUEZADA,25830
QUICHIMBO,5101
QUIGUANGO,1546
QUIJANO,1449
QUIJIJE,22170
QUIJOSACA,1259
QUILCA,3531
QUILLE,2035
QUILLIGANA,2837
QUILLUPANGUI,2091
QUILO,1251
QUILUMBA,6195
QUILUMBANGO,1021
QUILUMBAQUIN,2221
QUIMBIAMBA,1376
QUIMBITA,2594
QUIMBIULCO,1979
QUIMI,11771
QUIMIS,13905
QUIMIZ,3077
QUINALOA,1698
QUINALUISA,1143
QUINAPANTA,1155
QUINATOA,13353
QUINAUCHO,1273
QUINCHE,3837
QUINCHIGUANGO,2697
QUINDE,16743
QUINGA,5096
QUINTANA,9160
QUINTANILLA,2712
QUINTERO,17033
QUINTEROS,5144
QUINTO,12431
QUINTUÑA,3957
QUIROGA,3504
QUIROLA,1998
QUIROZ,27150
QUIRUMBAY,2532
QUISAGUANO,1370
QUISHPE,32184
QUISHPI,6952
QUISILEMA,1577
QUISPE,8754
QUITIO,1173
QUITO,14442
QUITUISACA,3850
QUITUIZACA,2249
QUIZHPE,6647
QUIZHPI,9380
QUIZHPILEMA,1034
QUIÑONES,1899
QUIÑONEZ,44720
RACINES,1118
RAMBAY,1621
RAMIREZ,96071
RAMON,17106
RAMOS,47727
RANGEL,1879
RAZA,1071
REA,11381
REAL,2686
REALPE,3363
REASCO,2761
REASCOS,2822
RECALDE,8655
REDROBAN,1104
REDROVAN,1969
REGALADO,3587
REINA,7738
REINO,2604
REINOSO,15418
REMACHE,13219
RENDON,9870
RENGEL,1317
RENGIFO,4750
RENTERIA,3719
REQUELME,1536
REQUENA,1368
RESABALA,1699
RESTREPO,1209
REVELO,9580
REY,1724
REYES,91828
REYNA,5713
REZABALA,3581
RIASCOS,1634
RIBADENEIRA,1309
RICARDO,1849
RICAURTE,2412
RIERA,8612
RIOFRIO,10473
RIOS,19594
RISCO,2122
RIVADENEIRA,17041
RIVAS,30563
RIVERA,67505
RIVERO,2016
RIZO,2959
RIZZO,5270
ROA,1188
ROBALINO,10390
ROBAYO,3853
ROBLES,19329
ROBLEZ,1088
ROCA,6037
ROCAFUERTE,3475
ROCANO,2557
ROCHA,5396
ROCHINA,2357
RODAS,8531
RODRIGUEZ,209176
ROGEL,6356
ROJAS,42405
ROLDAN,13174
ROMAN,16683
ROMERO,99157
ROMO,4700
RON,2743
RONQUILLO,18167
ROQUE,1351
ROSADO,22364
ROSALES,18142
ROSARIO,1721
ROSAS,3636
ROSERO,32278
ROSILLO,2999
RUA,1564
RUALES,5290
RUANO,4533
RUBIO,8691
RUEDA,8151
RUGEL,6354
RUILOVA,2407
RUIZ,71793
RUMIGUANO,1461
SAA,2703
SAANT,2419
SAAVEDRA,9883
SABANDO,12037
SACA,4647
SACON,5326
SACOTO,1850
SACTA,1160
SAENZ,4685
SAETEROS,2337
SAEZ,1599
SAGBAY,2108
SAGÑAY,3630
SAIGUA,1230
SAILEMA,4214
SALAMEA,1131
SALAS,13920
SALAVARRIA,5699
SALAZAR,91432
SALCEDO,7403
SALDARRIAGA,5454
SALDAÑA,5145
SALGADO,5536
SALGUERO,5138
SALINAS,23408
SALTO,1982
SALTOS,33082
SALVADOR,5043
SALVATIERRA,12371
SAMANIEGO,16148
SAMPEDRO,2455
SAMUEZA,1268
SAN LUCAS,2971
SAN MARTIN,1234
SANABRIA,1891
SANANGO,1745
SANCAN,4829
SANCHEZ,224011
SANCHIM,1438
SANCHO,1366
SANDOVAL,18972
SANDOYA,2835
SANGO,1216
SANGOQUIZA,1714
SANGUCHO,4768
SANGURIMA,2161
SANGUÑA,1696
SANI,1714
SANIPATIN,1255
SANMARTIN,9610
SANTACRUZ,7254
SANTAFE,1510
SANTAMARIA,6643
SANTANA,32822
SANTANDER,4618
SANTI,6825
SANTIANA,2117
SANTILLAN,19629
SANTIN,1281
SANTISTEVAN,2016
SANTO,1366
SANTOS,26532
SANUNGA,1059
SAQUICELA,1637
SAQUINGA,2719
SARABIA,2985
SARAGURO,3645
SARANGO,21566
SARANSIG,1253
SARCO,1419
SARI,1410
SARITAMA,2080
SARMIENTO,18273
SARZOSA,2194
SATAN,1494
SAYAY,2090
SECAIRA,1632
SEGARRA,5458
SEGOVIA,9779
SEGURA,14968
SELLAN,5169
SEME,1020
SEMINARIO,1638
SERNA,1066
SERRANO,15712
SESME,2141
SEVERINO,1020
SEVILLA,4897
SEVILLANO,4353
SHAGÑAY,1162
SHAKAI,1728
SHARUP,2215
SHIGUANGO,13326
SHIKI,1038
SHUGULI,1669
SIAVICHAY,1609
SIBRI,1316
SICHA,1375
SIERRA,4759
SIGCHA,6184
SIGCHO,2974
SIGUA,1398
SIGUENCIA,5466
SIGUENZA,4186
SILLO,1074
SILVA,47379
SILVESTRE,1746
SIMBA,4292
SIMBAÑA,26915
SIMISTERRA,2768
SINALUISA,1302
SINCHE,4008
SINCHI,5276
SINCHIGUANO,1813
SIQUIHUA,1668
SISA,6472
SISALEMA,2765
SISALIMA,3720
SISLEMA,1915
SIZA,1786
SOJOS,1210
SOLANO,16062
SOLARTE,1401
SOLEDISPA,11062
SOLIS,28796
SOLIZ,3184
SOLORZANO,53866
SOPA,1077
SOPALO,1129
SORIA,11061
SORIANO,10183
SORNOZA,9808
SOSA,11351
SOTO,16287
SOTOMAYOR,6537
SOZA,1087
SUAREZ,92019
SUASNAVAS,1454
SUBIA,1172
SUCONOTA,2016
SUCUZHAÑAY,1945
SUIN,1035
SULCA,1017
SUMBA,6923
SUNTASIG,2053
SUNTAXI,4375
SUPE,1579
SUQUI,2327
SUQUILANDA,3888
SUQUILLO,2603
TABANGO,2920
TABARES,1124
TACO,9193
TACURI,14571
TADAY,3671
TAGUA,1469
TAICUZ,1279
TAIMAL,1277
TAIPE,8643
TALLEDO,1434
TAMAMI,1046
TAMAY,4978
TAMAYO,12624
TAMBACO,1489
TANDALLA,1373
TANDAYAMO,1160
TANDAZO,7494
TANGUILA,10093
TAPIA,38095
TAPUY,12248
TAPUYO,1266
TARAPUES,1147
TARCO,2362
TARIRA,2810
TASIGUANO,1310
TAYUPANDA,1548
TAYUPANTA,1099
TEJADA,3457
TEJENA,3186
TELENCHANA,1448
TELLO,11833
TENE,7653
TENECELA,2832
TENECOTA,1592
TENELEMA,7169
TENEMAZA,4531
TENEMPAGUAY,1717
TENESACA,11452
TENEZACA,6130
TENORIO,12327
TEPAN,1086
TERAN,18320
TERCERO,1783
TERREROS,1092
TIBAN,3344
TIBANLOMBO,1292
TIERRA,2918
TIGASI,5302
TIGRE,6087
TIGRERO,8171
TIGSE,2995
TIGUA,5464
TILLAGUANGO,1062
TINGO,1260
TINOCO,4720
TIPAN,18428
TIPANGUANO,1263
TIPANLUISA,2892
TIPANTASIG,1279
TIPANTIZA,1780
TIPANTUÑA,3948
TIRADO,2897
TIRCIO,1002
TIRIRA,1259
TISALEMA,4133
TITE,1688
TITO,2878
TITUANA,1392
TITUAÑA,11333
TIWI,1802
TIXE,1940
TIXI,3717
TIXILEMA,1439
TOABANDA,1256
TOAINGA,1020
TOALA,18607
TOALOMBO,6418
TOALONGO,1033
TOAPANTA,41133
TOAQUIZA,17115
TOASA,2774
TOAZA,4026
TOBAR,10068
TOCAGON,2563
TOCTAGUANO,1749
TOCTE,1669
TOCTO,2224
TOLA,1222
TOLEDO,10309
TOMALA,40360
TONATO,6206
TOPON,1689
TORAL,3457
TORO,9214
TORRES,137658
TOSCANO,5063
TOTOY,1285
TOVAR,3504
TRAVEZ,3353
TREJO,4476
TRELLES,1378
TRIANA,4722
TRIVIÑO,11296
TRONCOSO,1863
TROYA,13977
TRUJILLO,12164
TSEREMP,1524
TUALOMBO,1677
TUAPANTA,1849
TUAREZ,11387
TUBAY,5733
TUBON,4080
TUFIÑO,3338
TUKUP,1196
TULCAN,2348
TUMBACO,15723
TUNAY,1479
TUPIZA,3902
TUQUERES,1892
TUQUERRES,5102
TUQUERREZ,1047
TUQUINGA,1391
TUSA,1151
TUTILLO,2494
TUTIVEN,4381
TUZA,1267
UBE,2105
UBILLA,2072
UBILLUS,1043
UCHUARI,2204
UGSHA,3952
ULCUANGO,4098
ULLAGUARI,1305
ULLAURI,2655
ULLOA,11672
ULLON,1195
UMAJINGA,1908
UNAUCHO,1655
UNDA,1889
UNKUCH,1470
UQUILLAS,1964
URBANO,1708
URBINA,2713
URETA,4356
UREÑA,2278
URGILES,8358
URGILEZ,1679
URIARTE,1244
URIBE,2088
URIÑA,2033
URQUIZO,2792
URRESTA,1331
URRUTIA,1483
URUCHIMA,1291
USCA,1288
USHCA,2124
USHIÑA,5035
USIÑA,1623
UTITIAJ,1069
UTRERAS,1735
UVIDIA,1820
UYAGUARI,4129
UZHCA,3137
UZHO,1485
VACA,31178
VACACELA,3721
VALAREZO,16674
VALDEZ,15837
VALDIVIESO,8659
VALDIVIEZO,10122
VALENCIA,57358
VALENZUELA,8865
VALERIANO,1857
VALERO,7019
VALIENTE,1387
VALLA,1114
VALLADARES,4775
VALLADOLID,1771
VALLE,12156
VALLEJO,23053
VALLEJOS,2047
VALLES,1021
VALVERDE,18384
VANEGAS,4529
VAQUE,1321
VARAS,3229
VARELA,6552
VARGAS,91263
VASCO,3035
VASCONEZ,11334
VASQUEZ,58565
VAZQUEZ,5603
VEAS,1977
VEGA,55294
VEINTIMILLA,7309
VELA,5549
VELARDE,1849
VELASCO,25921
VELASQUEZ,31996
VELASTEGUI,9424
VELE,1147
VELECELA,2187
VELEZ,81083
VELIZ,30687
VELOZ,13087
VENEGAS,3457
VENTURA,2477
VERA,184397
VERDESOTO,3486
VERDEZOTO,9279
VERDUGA,4307
VERDUGO,3396
VERGARA,21719
VERNAZA,3050
VICENTE,4053
VICTOR,1010
VICUÑA,3226
VIDAL,6223
VIEJO,1692
VIERA,2996
VILATUÑA,1626
VILAÑA,1486
VILCA,1123
VILELA,5226
VILEMA,2674
VILLA,19859
VILLACIS,25224
VILLACRES,11535
VILLACRESES,4786
VILLAFUERTE,12119
VILLAGOMEZ,6811
VILLAGRAN,2741
VILLALBA,6080
VILLALOBOS,1918
VILLALTA,6864
VILLALVA,7341
VILLAMAR,31607
VILLAMARIN,5970
VILLAMIL,1376
VILLANUEVA,2237
VILLAO,6463
VILLARES,1106
VILLARREAL,9761
VILLARROEL,4065
VILLARRUEL,1452
VILLAVICENCIO,18530
VILLEGAS,20413
VILLENA,2387
VILLIGUA,1483
VILLON,13274
VILLOTA,3386
VIMOS,2716
VINCES,13542
VINTIMILLA,4517
VINUEZA,15287
VIRACOCHA,3374
VIRACUCHA,1074
VISCAINO,1140
VISCARRA,1248
VISTIN,1172
VITE,10134
VITERI,15493
VIVANCO,9046
VIVAR,4724
VIVAS,6461
VIVERO,3302
VIVEROS,1630
VIZCAINO,3840
VIZHÑAY,1630
VIZUETA,2396
VIZUETE,4076
VIÑAMAGUA,1302
VIÑAN,2551
WACHAPA,2069
WAJARAI,1393
WAMPASH,1623
WAMPUTSRIK,1033
WANG,1136
WISUM,1997
WONG,2643
YACELGA,3041
YAGUACHI,3300
YAGUAL,23085
YAGUANA,5514
YAMBAY,2590
YAMBERLA,2384
YANCE,2086
YANCHA,1696
YANCHAGUANO,1318
YANCHALIQUIN,3949
YANCHAPANTA,1563
YANCHATIPAN,1546
YANDUN,2321
YANES,1178
YANEZ,24531
YANKUR,1681
YANQUI,1201
YANTALEMA,1395
YANZA,6309
YANZAPANTA,1227
YAR,1703
YASACA,1635
YASCARIBAY,1032
YASELGA,1287
YAUCAN,1556
YAURI,1326
YAUTIBUG,2425
YELA,2672
YEPEZ,26911
YOZA,2811
YUCAILLA,3386
YUGCHA,5169
YUGSI,3302
YULAN,1304
YUMBLA,1574
YUMBO,8347
YUMISACA,1383
YUNDA,1059
YUNGA,9733
YUNGAN,3828
YUPA,4617
YUPANGUI,3378
YUPANQUI,1080
YUQUI,1094
YUQUILEMA,6308
ZABALA,4100
ZALDUMBIDE,1166
ZAMBRANO,268282
ZAMORA,35748
ZAPATA,19036
ZARATE,2897
ZARUMA,3665
ZAVALA,11762
ZEA,2406
ZEAS,1744
ZEVALLOS,1570
ZHAGUI,2134
ZHAGÑAY,1073
ZHANG,1093
ZHICAY,2057
ZHIGUE,1135
ZHINGRE,2211
ZHINGRI,1145
ZHININ,2241
ZHIÑIN,1095
ZHUMI,1504
ZHUNAULA,1371
ZHUNIO,3151
ZORRILLA,1605
ZULETA,1265
ZUMBA,9221
ZURITA,17380
ZUÑA,1779
ZUÑIGA,22381
ÑACATO,1709
ÑAMIÑA,1056
